{"cameraMode":{"drawMode":0,"name":"Shaded","section":"Shading Mode"},"sceneLighting":true,"audioPlay":false,"sceneViewState":{"m_AlwaysRefresh":false,"showFog":true,"showSkybox":true,"showFlares":true,"showImageEffects":true,"showParticleSystems":true,"showVisualEffectGraphs":true,"m_FxEnabled":true},"in2DMode":false,"pivot":{"x":-1.1100000143051148,"y":2.819999933242798,"z":-9.600000381469727},"rotation":{"x":0.011306107975542546,"y":0.02330690622329712,"z":-0.0002608687209431082,"w":0.9996780157089233},"size":2.70739483833313,"orthographic":false}