{"cameraMode":{"drawMode":0,"name":"Shaded","section":"Shading Mode"},"sceneLighting":false,"audioPlay":false,"sceneViewState":{"m_AlwaysRefresh":false,"showFog":true,"showSkybox":false,"showFlares":true,"showImageEffects":true,"showParticleSystems":true,"showVisualEffectGraphs":true,"m_FxEnabled":true},"in2DMode":false,"pivot":{"x":0.00002830103039741516,"y":-0.02234809659421444,"z":0.016558736562728883},"rotation":{"x":0.07507330179214478,"y":-0.8615674376487732,"z":0.13365240395069123,"w":0.4839598536491394},"size":0.13458096981048585,"orthographic":false}